Title,Company,Posted on,Location,Experience
Python Developer,zenga tv,2025-08-02,Gurgaon - Haryana,2-5 Years
Python Developer,Infocom Software,2025-07-27,Thiruvananthapuram - Kerala,0-3 Years
Python Developer,Hotelogix,2025-07-26,Bengaluru - Bangalore,3-5 Years
Python Developer,SYNECHRON,2025-07-25,Mumbai - Maharashtra,5-8 Years
Python Developer,SEVEN CONSULTANCY,2025-07-25,Hyderabad - Secunderabad,0-3 Years
Python Developer,SYNECHRON,2025-07-24,Bengaluru - Bangalore,7-10 Years
Python Developer,IQVIA,2025-07-24,Bengaluru - Bangalore,3-5 Years
Python Developer,ORACLE,2025-07-23,Hyderabad - Secunderabad,2-5 Years
Python Developer,Techasoft Pvt Ltd,2025-07-20,Bengaluru - Bangalore,0-3 Years
Python Developer,SEVEN CONSULTANCY,2025-07-20,Surat - Gujarat,9-12 Years
Python Developer,"o9 Solutions, Inc.",2025-07-22,Netherlands - Netherlands,3-6 Years
Python Developer,Ctd Techs Private Limited,2025-07-20,Chennai - Tamil,3-5 Years
Python Developer,zucol services,2025-07-22,Gurgaon - Haryana,3-4 Years
Python Developers,botree technologies,2025-07-20,Ahmedabad - Gujarat,3-6 Years
Python Developer,AxisTechnolabs,2025-07-20,Ahmedabad - Gujarat,0-1 Years
Python Trainer,Excel Ptp,2025-07-20,Ahmedabad - Gujarat,1-4 Years
Python Developer,highrise solutions llp,2025-07-20,Pune - Maharashtra,4-7 Years
Python Programmer,3RI Technologies Pvt Ltd,2025-07-20,Pune - Maharashtra,0-1 Years
Python Developer,ADROIT LEARNING AND MANPOWER PVT LTD,2025-07-20,Ahmedabad - Gujarat,0-5 Years
Python Developer,CGI Information Systems and Management Consultants Pvt Ltd,2025-07-22,Chennai - Tamil,6-9 Years
Python Developer,Bright Vision Technologies,2025-07-22,Chennai - Tamil,1-5 Years
Python Developer,SEVEN CONSULTANCY,2025-07-19,Navi - Mumbai,4-7 Years
Python Developer,realizer technologies,2025-07-19,Pune - Maharashtra,0-3 Years
Python Developer,geekyworks,2025-07-19,Pune - Maharashtra,2-3 Years
Python Developer,acquiscent technologies pvt. ltd.,2025-07-19,Pune - Maharashtra,1-5 Years
